{
  "arch": "x86_64",
  "build": "py27_0",
  "build_number": 0,
  "channel": "https://mirrors.tuna.tsinghua.edu.cn/anaconda/pkgs/free/win-64",
  "constrains": [],
  "date": "2016-06-07",
  "depends": [
    "python 2.7*"
  ],
  "extracted_package_dir": "D:\\Libraries\\Anaconda\\pkgs\\certifi-2016.2.28-py27_0",
  "features": "",
  "files": [
    "Lib/site-packages/certifi-2016.2.28-py2.7.egg-info/PKG-INFO",
    "Lib/site-packages/certifi-2016.2.28-py2.7.egg-info/SOURCES.txt",
    "Lib/site-packages/certifi-2016.2.28-py2.7.egg-info/dependency_links.txt",
    "Lib/site-packages/certifi-2016.2.28-py2.7.egg-info/top_level.txt",
    "Lib/site-packages/certifi/__init__.py",
    "Lib/site-packages/certifi/__init__.pyc",
    "Lib/site-packages/certifi/__main__.py",
    "Lib/site-packages/certifi/__main__.pyc",
    "Lib/site-packages/certifi/cacert.pem",
    "Lib/site-packages/certifi/core.py",
    "Lib/site-packages/certifi/core.pyc",
    "Lib/site-packages/certifi/old_root.pem",
    "Lib/site-packages/certifi/weak.pem"
  ],
  "fn": "certifi-2016.2.28-py27_0.tar.bz2",
  "license": "ISC",
  "license_family": "Other",
  "link": {
    "source": "D:\\Libraries\\Anaconda\\pkgs\\certifi-2016.2.28-py27_0",
    "type": 1
  },
  "md5": "85c11ee4407f1333f7721f0ec5476481",
  "name": "certifi",
  "package_tarball_full_path": "D:\\Libraries\\Anaconda\\pkgs\\certifi-2016.2.28-py27_0.tar.bz2",
  "paths_data": {
    "paths": [
      {
        "_path": "Lib/site-packages/certifi-2016.2.28-py2.7.egg-info/PKG-INFO",
        "path_type": "hardlink"
      },
      {
        "_path": "Lib/site-packages/certifi-2016.2.28-py2.7.egg-info/SOURCES.txt",
        "path_type": "hardlink"
      },
      {
        "_path": "Lib/site-packages/certifi-2016.2.28-py2.7.egg-info/dependency_links.txt",
        "path_type": "hardlink"
      },
      {
        "_path": "Lib/site-packages/certifi-2016.2.28-py2.7.egg-info/top_level.txt",
        "path_type": "hardlink"
      },
      {
        "_path": "Lib/site-packages/certifi/__init__.py",
        "path_type": "hardlink"
      },
      {
        "_path": "Lib/site-packages/certifi/__init__.pyc",
        "path_type": "hardlink"
      },
      {
        "_path": "Lib/site-packages/certifi/__main__.py",
        "path_type": "hardlink"
      },
      {
        "_path": "Lib/site-packages/certifi/__main__.pyc",
        "path_type": "hardlink"
      },
      {
        "_path": "Lib/site-packages/certifi/cacert.pem",
        "path_type": "hardlink"
      },
      {
        "_path": "Lib/site-packages/certifi/core.py",
        "path_type": "hardlink"
      },
      {
        "_path": "Lib/site-packages/certifi/core.pyc",
        "path_type": "hardlink"
      },
      {
        "_path": "Lib/site-packages/certifi/old_root.pem",
        "path_type": "hardlink"
      },
      {
        "_path": "Lib/site-packages/certifi/weak.pem",
        "path_type": "hardlink"
      }
    ],
    "paths_version": 1
  },
  "platform": "win32",
  "requested_spec": "None",
  "size": 217735,
  "subdir": "win-64",
  "track_features": "",
  "url": "https://mirrors.tuna.tsinghua.edu.cn/anaconda/pkgs/free/win-64/certifi-2016.2.28-py27_0.tar.bz2",
  "version": "2016.2.28"
}