{
  "arch": "x86_64",
  "build": "0",
  "build_number": 0,
  "channel": "https://mirrors.tuna.tsinghua.edu.cn/anaconda/pkgs/free/win-64",
  "constrains": [],
  "date": "2016-08-26",
  "depends": [
    "vs2008_runtime"
  ],
  "extracted_package_dir": "D:\\Libraries\\Anaconda\\pkgs\\vc-9-0",
  "features": "",
  "files": [],
  "fn": "vc-9-0.tar.bz2",
  "license": "Modified BSD License (3-clause)",
  "license_family": "BSD",
  "link": {
    "source": "D:\\Libraries\\Anaconda\\pkgs\\vc-9-0",
    "type": 1
  },
  "md5": "7d6bd53509f4c834c49962ede08b9ee7",
  "name": "vc",
  "package_tarball_full_path": "D:\\Libraries\\Anaconda\\pkgs\\vc-9-0.tar.bz2",
  "paths_data": {
    "paths": [],
    "paths_version": 1
  },
  "platform": "win32",
  "requested_spec": "None",
  "size": 705,
  "subdir": "win-64",
  "track_features": "vc9",
  "url": "https://mirrors.tuna.tsinghua.edu.cn/anaconda/pkgs/free/win-64/vc-9-0.tar.bz2",
  "version": "9"
}