{
  "arch": "x86_64",
  "build": "py27_0",
  "build_number": 0,
  "channel": "https://mirrors.tuna.tsinghua.edu.cn/anaconda/pkgs/free/win-64",
  "constrains": [],
  "date": "2016-02-08",
  "depends": [
    "python 2.7*"
  ],
  "extracted_package_dir": "D:\\Libraries\\Anaconda\\pkgs\\wheel-0.29.0-py27_0",
  "features": "",
  "files": [
    "Lib/site-packages/wheel-0.29.0-py2.7.egg-info/PKG-INFO",
    "Lib/site-packages/wheel-0.29.0-py2.7.egg-info/SOURCES.txt",
    "Lib/site-packages/wheel-0.29.0-py2.7.egg-info/dependency_links.txt",
    "Lib/site-packages/wheel-0.29.0-py2.7.egg-info/entry_points.txt",
    "Lib/site-packages/wheel-0.29.0-py2.7.egg-info/not-zip-safe",
    "Lib/site-packages/wheel-0.29.0-py2.7.egg-info/requires.txt",
    "Lib/site-packages/wheel-0.29.0-py2.7.egg-info/top_level.txt",
    "Lib/site-packages/wheel/__init__.py",
    "Lib/site-packages/wheel/__init__.pyc",
    "Lib/site-packages/wheel/__main__.py",
    "Lib/site-packages/wheel/__main__.pyc",
    "Lib/site-packages/wheel/archive.py",
    "Lib/site-packages/wheel/archive.pyc",
    "Lib/site-packages/wheel/bdist_wheel.py",
    "Lib/site-packages/wheel/bdist_wheel.pyc",
    "Lib/site-packages/wheel/decorator.py",
    "Lib/site-packages/wheel/decorator.pyc",
    "Lib/site-packages/wheel/egg2wheel.py",
    "Lib/site-packages/wheel/egg2wheel.pyc",
    "Lib/site-packages/wheel/eggnames.txt",
    "Lib/site-packages/wheel/install.py",
    "Lib/site-packages/wheel/install.pyc",
    "Lib/site-packages/wheel/metadata.py",
    "Lib/site-packages/wheel/metadata.pyc",
    "Lib/site-packages/wheel/paths.py",
    "Lib/site-packages/wheel/paths.pyc",
    "Lib/site-packages/wheel/pep425tags.py",
    "Lib/site-packages/wheel/pep425tags.pyc",
    "Lib/site-packages/wheel/pkginfo.py",
    "Lib/site-packages/wheel/pkginfo.pyc",
    "Lib/site-packages/wheel/signatures/__init__.py",
    "Lib/site-packages/wheel/signatures/__init__.pyc",
    "Lib/site-packages/wheel/signatures/djbec.py",
    "Lib/site-packages/wheel/signatures/djbec.pyc",
    "Lib/site-packages/wheel/signatures/ed25519py.py",
    "Lib/site-packages/wheel/signatures/ed25519py.pyc",
    "Lib/site-packages/wheel/signatures/keys.py",
    "Lib/site-packages/wheel/signatures/keys.pyc",
    "Lib/site-packages/wheel/test/__init__.py",
    "Lib/site-packages/wheel/test/__init__.pyc",
    "Lib/site-packages/wheel/test/complex-dist/complexdist/__init__.py",
    "Lib/site-packages/wheel/test/complex-dist/complexdist/__init__.pyc",
    "Lib/site-packages/wheel/test/complex-dist/setup.py",
    "Lib/site-packages/wheel/test/complex-dist/setup.pyc",
    "Lib/site-packages/wheel/test/headers.dist/header.h",
    "Lib/site-packages/wheel/test/headers.dist/headersdist.py",
    "Lib/site-packages/wheel/test/headers.dist/headersdist.pyc",
    "Lib/site-packages/wheel/test/headers.dist/setup.py",
    "Lib/site-packages/wheel/test/headers.dist/setup.pyc",
    "Lib/site-packages/wheel/test/pydist-schema.json",
    "Lib/site-packages/wheel/test/simple.dist/setup.py",
    "Lib/site-packages/wheel/test/simple.dist/setup.pyc",
    "Lib/site-packages/wheel/test/simple.dist/simpledist/__init__.py",
    "Lib/site-packages/wheel/test/simple.dist/simpledist/__init__.pyc",
    "Lib/site-packages/wheel/test/test-1.0-py2.py3-none-win32.whl",
    "Lib/site-packages/wheel/test/test_basic.py",
    "Lib/site-packages/wheel/test/test_basic.pyc",
    "Lib/site-packages/wheel/test/test_install.py",
    "Lib/site-packages/wheel/test/test_install.pyc",
    "Lib/site-packages/wheel/test/test_keys.py",
    "Lib/site-packages/wheel/test/test_keys.pyc",
    "Lib/site-packages/wheel/test/test_paths.py",
    "Lib/site-packages/wheel/test/test_paths.pyc",
    "Lib/site-packages/wheel/test/test_ranking.py",
    "Lib/site-packages/wheel/test/test_ranking.pyc",
    "Lib/site-packages/wheel/test/test_signatures.py",
    "Lib/site-packages/wheel/test/test_signatures.pyc",
    "Lib/site-packages/wheel/test/test_tagopt.py",
    "Lib/site-packages/wheel/test/test_tagopt.pyc",
    "Lib/site-packages/wheel/test/test_tool.py",
    "Lib/site-packages/wheel/test/test_tool.pyc",
    "Lib/site-packages/wheel/test/test_wheelfile.py",
    "Lib/site-packages/wheel/test/test_wheelfile.pyc",
    "Lib/site-packages/wheel/tool/__init__.py",
    "Lib/site-packages/wheel/tool/__init__.pyc",
    "Lib/site-packages/wheel/util.py",
    "Lib/site-packages/wheel/util.pyc",
    "Lib/site-packages/wheel/wininst2wheel.py",
    "Lib/site-packages/wheel/wininst2wheel.pyc",
    "Scripts/wheel-script.py",
    "Scripts/wheel.exe"
  ],
  "fn": "wheel-0.29.0-py27_0.tar.bz2",
  "license": "MIT",
  "link": {
    "source": "D:\\Libraries\\Anaconda\\pkgs\\wheel-0.29.0-py27_0",
    "type": 1
  },
  "md5": "2994f7b6c223da819f39867f7204c4f2",
  "name": "wheel",
  "package_tarball_full_path": "D:\\Libraries\\Anaconda\\pkgs\\wheel-0.29.0-py27_0.tar.bz2",
  "paths_data": {
    "paths": [
      {
        "_path": "Lib/site-packages/wheel-0.29.0-py2.7.egg-info/PKG-INFO",
        "path_type": "hardlink"
      },
      {
        "_path": "Lib/site-packages/wheel-0.29.0-py2.7.egg-info/SOURCES.txt",
        "path_type": "hardlink"
      },
      {
        "_path": "Lib/site-packages/wheel-0.29.0-py2.7.egg-info/dependency_links.txt",
        "path_type": "hardlink"
      },
      {
        "_path": "Lib/site-packages/wheel-0.29.0-py2.7.egg-info/entry_points.txt",
        "path_type": "hardlink"
      },
      {
        "_path": "Lib/site-packages/wheel-0.29.0-py2.7.egg-info/not-zip-safe",
        "path_type": "hardlink"
      },
      {
        "_path": "Lib/site-packages/wheel-0.29.0-py2.7.egg-info/requires.txt",
        "path_type": "hardlink"
      },
      {
        "_path": "Lib/site-packages/wheel-0.29.0-py2.7.egg-info/top_level.txt",
        "path_type": "hardlink"
      },
      {
        "_path": "Lib/site-packages/wheel/__init__.py",
        "path_type": "hardlink"
      },
      {
        "_path": "Lib/site-packages/wheel/__init__.pyc",
        "path_type": "hardlink"
      },
      {
        "_path": "Lib/site-packages/wheel/__main__.py",
        "path_type": "hardlink"
      },
      {
        "_path": "Lib/site-packages/wheel/__main__.pyc",
        "path_type": "hardlink"
      },
      {
        "_path": "Lib/site-packages/wheel/archive.py",
        "path_type": "hardlink"
      },
      {
        "_path": "Lib/site-packages/wheel/archive.pyc",
        "path_type": "hardlink"
      },
      {
        "_path": "Lib/site-packages/wheel/bdist_wheel.py",
        "path_type": "hardlink"
      },
      {
        "_path": "Lib/site-packages/wheel/bdist_wheel.pyc",
        "path_type": "hardlink"
      },
      {
        "_path": "Lib/site-packages/wheel/decorator.py",
        "path_type": "hardlink"
      },
      {
        "_path": "Lib/site-packages/wheel/decorator.pyc",
        "path_type": "hardlink"
      },
      {
        "_path": "Lib/site-packages/wheel/egg2wheel.py",
        "path_type": "hardlink"
      },
      {
        "_path": "Lib/site-packages/wheel/egg2wheel.pyc",
        "path_type": "hardlink"
      },
      {
        "_path": "Lib/site-packages/wheel/eggnames.txt",
        "path_type": "hardlink"
      },
      {
        "_path": "Lib/site-packages/wheel/install.py",
        "path_type": "hardlink"
      },
      {
        "_path": "Lib/site-packages/wheel/install.pyc",
        "path_type": "hardlink"
      },
      {
        "_path": "Lib/site-packages/wheel/metadata.py",
        "path_type": "hardlink"
      },
      {
        "_path": "Lib/site-packages/wheel/metadata.pyc",
        "path_type": "hardlink"
      },
      {
        "_path": "Lib/site-packages/wheel/paths.py",
        "path_type": "hardlink"
      },
      {
        "_path": "Lib/site-packages/wheel/paths.pyc",
        "path_type": "hardlink"
      },
      {
        "_path": "Lib/site-packages/wheel/pep425tags.py",
        "path_type": "hardlink"
      },
      {
        "_path": "Lib/site-packages/wheel/pep425tags.pyc",
        "path_type": "hardlink"
      },
      {
        "_path": "Lib/site-packages/wheel/pkginfo.py",
        "path_type": "hardlink"
      },
      {
        "_path": "Lib/site-packages/wheel/pkginfo.pyc",
        "path_type": "hardlink"
      },
      {
        "_path": "Lib/site-packages/wheel/signatures/__init__.py",
        "path_type": "hardlink"
      },
      {
        "_path": "Lib/site-packages/wheel/signatures/__init__.pyc",
        "path_type": "hardlink"
      },
      {
        "_path": "Lib/site-packages/wheel/signatures/djbec.py",
        "path_type": "hardlink"
      },
      {
        "_path": "Lib/site-packages/wheel/signatures/djbec.pyc",
        "path_type": "hardlink"
      },
      {
        "_path": "Lib/site-packages/wheel/signatures/ed25519py.py",
        "path_type": "hardlink"
      },
      {
        "_path": "Lib/site-packages/wheel/signatures/ed25519py.pyc",
        "path_type": "hardlink"
      },
      {
        "_path": "Lib/site-packages/wheel/signatures/keys.py",
        "path_type": "hardlink"
      },
      {
        "_path": "Lib/site-packages/wheel/signatures/keys.pyc",
        "path_type": "hardlink"
      },
      {
        "_path": "Lib/site-packages/wheel/test/__init__.py",
        "path_type": "hardlink"
      },
      {
        "_path": "Lib/site-packages/wheel/test/__init__.pyc",
        "path_type": "hardlink"
      },
      {
        "_path": "Lib/site-packages/wheel/test/complex-dist/complexdist/__init__.py",
        "path_type": "hardlink"
      },
      {
        "_path": "Lib/site-packages/wheel/test/complex-dist/complexdist/__init__.pyc",
        "path_type": "hardlink"
      },
      {
        "_path": "Lib/site-packages/wheel/test/complex-dist/setup.py",
        "path_type": "hardlink"
      },
      {
        "_path": "Lib/site-packages/wheel/test/complex-dist/setup.pyc",
        "path_type": "hardlink"
      },
      {
        "_path": "Lib/site-packages/wheel/test/headers.dist/header.h",
        "path_type": "hardlink"
      },
      {
        "_path": "Lib/site-packages/wheel/test/headers.dist/headersdist.py",
        "path_type": "hardlink"
      },
      {
        "_path": "Lib/site-packages/wheel/test/headers.dist/headersdist.pyc",
        "path_type": "hardlink"
      },
      {
        "_path": "Lib/site-packages/wheel/test/headers.dist/setup.py",
        "path_type": "hardlink"
      },
      {
        "_path": "Lib/site-packages/wheel/test/headers.dist/setup.pyc",
        "path_type": "hardlink"
      },
      {
        "_path": "Lib/site-packages/wheel/test/pydist-schema.json",
        "path_type": "hardlink"
      },
      {
        "_path": "Lib/site-packages/wheel/test/simple.dist/setup.py",
        "path_type": "hardlink"
      },
      {
        "_path": "Lib/site-packages/wheel/test/simple.dist/setup.pyc",
        "path_type": "hardlink"
      },
      {
        "_path": "Lib/site-packages/wheel/test/simple.dist/simpledist/__init__.py",
        "path_type": "hardlink"
      },
      {
        "_path": "Lib/site-packages/wheel/test/simple.dist/simpledist/__init__.pyc",
        "path_type": "hardlink"
      },
      {
        "_path": "Lib/site-packages/wheel/test/test-1.0-py2.py3-none-win32.whl",
        "path_type": "hardlink"
      },
      {
        "_path": "Lib/site-packages/wheel/test/test_basic.py",
        "path_type": "hardlink"
      },
      {
        "_path": "Lib/site-packages/wheel/test/test_basic.pyc",
        "path_type": "hardlink"
      },
      {
        "_path": "Lib/site-packages/wheel/test/test_install.py",
        "path_type": "hardlink"
      },
      {
        "_path": "Lib/site-packages/wheel/test/test_install.pyc",
        "path_type": "hardlink"
      },
      {
        "_path": "Lib/site-packages/wheel/test/test_keys.py",
        "path_type": "hardlink"
      },
      {
        "_path": "Lib/site-packages/wheel/test/test_keys.pyc",
        "path_type": "hardlink"
      },
      {
        "_path": "Lib/site-packages/wheel/test/test_paths.py",
        "path_type": "hardlink"
      },
      {
        "_path": "Lib/site-packages/wheel/test/test_paths.pyc",
        "path_type": "hardlink"
      },
      {
        "_path": "Lib/site-packages/wheel/test/test_ranking.py",
        "path_type": "hardlink"
      },
      {
        "_path": "Lib/site-packages/wheel/test/test_ranking.pyc",
        "path_type": "hardlink"
      },
      {
        "_path": "Lib/site-packages/wheel/test/test_signatures.py",
        "path_type": "hardlink"
      },
      {
        "_path": "Lib/site-packages/wheel/test/test_signatures.pyc",
        "path_type": "hardlink"
      },
      {
        "_path": "Lib/site-packages/wheel/test/test_tagopt.py",
        "path_type": "hardlink"
      },
      {
        "_path": "Lib/site-packages/wheel/test/test_tagopt.pyc",
        "path_type": "hardlink"
      },
      {
        "_path": "Lib/site-packages/wheel/test/test_tool.py",
        "path_type": "hardlink"
      },
      {
        "_path": "Lib/site-packages/wheel/test/test_tool.pyc",
        "path_type": "hardlink"
      },
      {
        "_path": "Lib/site-packages/wheel/test/test_wheelfile.py",
        "path_type": "hardlink"
      },
      {
        "_path": "Lib/site-packages/wheel/test/test_wheelfile.pyc",
        "path_type": "hardlink"
      },
      {
        "_path": "Lib/site-packages/wheel/tool/__init__.py",
        "path_type": "hardlink"
      },
      {
        "_path": "Lib/site-packages/wheel/tool/__init__.pyc",
        "path_type": "hardlink"
      },
      {
        "_path": "Lib/site-packages/wheel/util.py",
        "path_type": "hardlink"
      },
      {
        "_path": "Lib/site-packages/wheel/util.pyc",
        "path_type": "hardlink"
      },
      {
        "_path": "Lib/site-packages/wheel/wininst2wheel.py",
        "path_type": "hardlink"
      },
      {
        "_path": "Lib/site-packages/wheel/wininst2wheel.pyc",
        "path_type": "hardlink"
      },
      {
        "_path": "Scripts/wheel-script.py",
        "path_type": "hardlink"
      },
      {
        "_path": "Scripts/wheel.exe",
        "path_type": "hardlink"
      }
    ],
    "paths_version": 1
  },
  "platform": "win32",
  "requested_spec": "None",
  "size": 124388,
  "subdir": "win-64",
  "track_features": "",
  "url": "https://mirrors.tuna.tsinghua.edu.cn/anaconda/pkgs/free/win-64/wheel-0.29.0-py27_0.tar.bz2",
  "version": "0.29.0"
}